<font>
	<info face="C:\xampp\htdocs\mathme\assets files\font-export" size="71" />
	<common lineHeight="71" scaleW="62" scaleH="74" pages="1" />
	<pages>
		<page id="0" file="C:\xampp\htdocs\mathme\assets files\font-export.png" />
	</pages>
	<chars count="12">
		<char id="48" x="34" y="0" width="14" height="24" xoffset="0" yoffset="47" xadvance="18" /><!-- 0 -->
		<char id="49" x="49" y="0" width="12" height="24" xoffset="0" yoffset="47" xadvance="16" /><!-- 1 -->
		<char id="50" x="0" y="50" width="16" height="23" xoffset="0" yoffset="48" xadvance="20" /><!-- 2 -->
		<char id="51" x="33" y="50" width="15" height="23" xoffset="0" yoffset="47" xadvance="19" /><!-- 3 -->
		<char id="52" x="0" y="0" width="17" height="24" xoffset="0" yoffset="47" xadvance="21" /><!-- 4 -->
		<char id="53" x="18" y="25" width="15" height="24" xoffset="0" yoffset="47" xadvance="19" /><!-- 5 -->
		<char id="54" x="17" y="50" width="15" height="23" xoffset="0" yoffset="48" xadvance="19" /><!-- 6 -->
		<char id="55" x="34" y="25" width="14" height="24" xoffset="0" yoffset="47" xadvance="18" /><!-- 7 -->
		<char id="56" x="0" y="25" width="17" height="24" xoffset="0" yoffset="47" xadvance="21" /><!-- 8 -->
		<char id="57" x="18" y="0" width="15" height="24" xoffset="0" yoffset="47" xadvance="19" /><!-- 9 -->
		<char id="32" x="0" y="0" width="0" height="0" xoffset="0" yoffset="0" xadvance="24" /><!--   -->
		<char id="9" x="0" y="0" width="0" height="0" xoffset="0" yoffset="0" xadvance="192" /><!-- 	 -->
	</chars>
	<kernings count="0">
	</kernings>
</font>